{
  "head": {
    "docType": "4",
    "editorVersion": "6.5.48",
    "x": 400,
    "y": 300,
    "c_para": {
      "package": "INA219AIDCNR",
      "pre": "REF?",
      "Contributor": "willrc627"
    },
    "importedFrom": "KiCAD",
    "uuid": "bbd9ed95c0ff400c839636fecc83fa3b",
    "utime": 1601090250,
    "importFlag": 0,
    "transformList": "",
    "hasIdFlag": true,
    "uuid_3d": ""
  },
  "canvas": "CA~1000~1000~#000000~yes~#FFFFFF~1~1000~1000~line~1~mil~1~45~visible~0.1~400~300~0~yes",
  "shape": [
    "TRACK~0.6~12~~396.55 296.911 396.55 295.411 394.1 295.411 394.1 296.911 396.55 296.911~rep11~0",
    "TRACK~0.6~12~~396.55 299.47 396.55 297.97 394.1 297.97 394.1 299.47 396.55 299.47~rep15~0",
    "TRACK~0.6~12~~396.55 302.03 396.55 300.53 394.1 300.53 394.1 302.03 396.55 302.03~rep19~0",
    "TRACK~0.6~12~~396.55 304.589 396.55 303.089 394.1 303.089 394.1 304.589 396.55 304.589~rep23~0",
    "TRACK~0.6~12~~403.45 303.089 403.45 304.589 405.9 304.589 405.9 303.089 403.45 303.089~rep27~0",
    "TRACK~0.6~12~~403.45 300.53 403.45 302.03 405.9 302.03 405.9 300.53 403.45 300.53~rep31~0",
    "TRACK~0.6~12~~403.45 297.97 403.45 299.47 405.9 299.47 405.9 297.97 403.45 297.97~rep35~0",
    "TRACK~0.6~12~~403.45 295.411 403.45 296.911 405.9 296.911 405.9 295.411 403.45 295.411~rep39~0",
    "TRACK~0.6~12~~396.55 305.9 403.45 305.9 403.45 294.1 396.55 294.1 396.55 305.9~rep45~0",
    "ARC~0.6~12~~M 401.2 294.1 A 1.2 1.2 0 0 1 398.8 294.1~~rep54~0",
    "TEXT~L~398~298~0.591~0~0~12~~3.937~*~M 398.895 295.099 L 398.895 297.249 M 398.005 295.639 L 399.785 296.709 M 399.785 295.639 L 398.005 296.709~~rep10~~0~",
    "PAD~RECT~395.3~296.161~5.2~1.7~1~~1~0~392.7 295.311 397.9 295.311 397.9 297.011 392.7 297.011~0~rep55~0~~Y~0~0~0.2~395.3,296.161",
    "PAD~RECT~395.3~298.72~5.2~1.7~1~~2~0~392.7 297.87 397.9 297.87 397.9 299.57 392.7 299.57~0~rep56~0~~Y~0~0~0.2~395.3,298.72",
    "PAD~RECT~395.3~301.28~5.2~1.7~1~~3~0~392.7 300.43 397.9 300.43 397.9 302.13 392.7 302.13~0~rep57~0~~Y~0~0~0.2~395.3,301.28",
    "PAD~RECT~395.3~303.839~5.2~1.7~1~~4~0~392.7 302.989 397.9 302.989 397.9 304.689 392.7 304.689~0~rep58~0~~Y~0~0~0.2~395.3,303.839",
    "PAD~RECT~404.7~303.839~5.2~1.7~1~~5~0~402.1 302.989 407.3 302.989 407.3 304.689 402.1 304.689~0~rep59~0~~Y~0~0~0.2~404.7,303.839",
    "PAD~RECT~404.7~301.28~5.2~1.7~1~~6~0~402.1 300.43 407.3 300.43 407.3 302.13 402.1 302.13~0~rep60~0~~Y~0~0~0.2~404.7,301.28",
    "PAD~RECT~404.7~298.72~5.2~1.7~1~~7~0~402.1 297.87 407.3 297.87 407.3 299.57 402.1 299.57~0~rep61~0~~Y~0~0~0.2~404.7,298.72",
    "PAD~RECT~404.7~296.161~5.2~1.7~1~~8~0~402.1 295.311 407.3 295.311 407.3 297.011 402.1 297.011~0~rep62~0~~Y~0~0~0.2~404.7,296.161",
    "TRACK~0.6~3~~398.399 305.9 401.601 305.9~rep43~0",
    "TRACK~0.6~3~~401.601 294.1 398.399 294.1~rep44~0"
  ],
  "layers": [
    "1~TopLayer~#FF0000~true~true~true~",
    "2~BottomLayer~#0000FF~true~false~true~",
    "3~TopSilkLayer~#FFFF00~true~false~true~",
    "4~BottomSilkLayer~#808000~true~false~true~",
    "5~TopPasteMaskLayer~#808080~true~false~true~",
    "6~BottomPasteMaskLayer~#800000~true~false~true~",
    "7~TopSolderMaskLayer~#800080~true~false~true~",
    "8~BottomSolderMaskLayer~#AA00FF~true~false~true~",
    "9~Ratlines~#6464FF~true~false~true~",
    "10~BoardOutline~#FF00FF~true~false~true~",
    "11~Multi-Layer~#C0C0C0~true~false~true~",
    "12~Document~#FFFFFF~true~false~true~",
    "13~TopAssembly~#33CC99~false~false~false~",
    "14~BottomAssembly~#5555FF~false~false~false~",
    "15~Mechanical~#F022F0~true~false~true~",
    "19~3DModel~#66CCFF~false~false~false~",
    "21~Inner1~#800000~false~false~false~~Signal",
    "22~Inner2~#008000~false~false~false~~Signal",
    "23~Inner3~#00FF00~false~false~false~~Signal",
    "24~Inner4~#000080~false~false~false~~Signal",
    "25~Inner5~#70DBFA~false~false~false~~Signal",
    "26~Inner6~#00CC66~false~false~false~~Signal",
    "27~Inner7~#9966FF~false~false~false~~Signal",
    "28~Inner8~#800080~false~false~false~~Signal",
    "29~Inner9~#008080~false~false~false~~Signal",
    "30~Inner10~#15935F~false~false~false~~Signal",
    "31~Inner11~#000080~false~false~false~~Signal",
    "32~Inner12~#00B400~false~false~false~~Signal",
    "33~Inner13~#2E4736~false~false~false~~Signal",
    "34~Inner14~#99842F~false~false~false~~Signal",
    "35~Inner15~#FFFFAA~false~false~false~~Signal",
    "36~Inner16~#99842F~false~false~false~~Signal",
    "37~Inner17~#2E4736~false~false~false~~Signal",
    "38~Inner18~#3535FF~false~false~false~~Signal",
    "39~Inner19~#8000BC~false~false~false~~Signal",
    "40~Inner20~#43AE5F~false~false~false~~Signal",
    "41~Inner21~#C3ECCE~false~false~false~~Signal",
    "42~Inner22~#728978~false~false~false~~Signal",
    "43~Inner23~#39503F~false~false~false~~Signal",
    "44~Inner24~#0C715D~false~false~false~~Signal",
    "45~Inner25~#5A8A80~false~false~false~~Signal",
    "46~Inner26~#2B937E~false~false~false~~Signal",
    "47~Inner27~#23999D~false~false~false~~Signal",
    "48~Inner28~#45B4E3~false~false~false~~Signal",
    "49~Inner29~#215DA1~false~false~false~~Signal",
    "50~Inner30~#4564D7~false~false~false~~Signal",
    "51~Inner31~#6969E9~false~false~false~~Signal",
    "52~Inner32~#9069E9~false~false~false~~Signal",
    "99~ComponentShapeLayer~#00CCCC~false~false~false~",
    "100~LeadShapeLayer~#CC9999~false~false~false~",
    "101~ComponentMarkingLayer~#66FFCC~false~false~false~",
    "Hole~Hole~#222222~false~false~true~",
    "DRCError~DRCError~#FFFFFF~false~false~true~"
  ],
  "objects": [
    "All~true~false",
    "Component~true~true",
    "Prefix~true~true",
    "Name~true~false",
    "Track~true~true",
    "Pad~true~true",
    "Via~true~true",
    "Hole~true~true",
    "Copper_Area~true~true",
    "Circle~true~true",
    "Arc~true~true",
    "Solid_Region~true~true",
    "Text~true~true",
    "Image~true~true",
    "Rect~true~true",
    "Dimension~true~true",
    "Protractor~true~true"
  ],
  "BBox": {
    "x": 392.7,
    "y": 294.1,
    "width": 14.6,
    "height": 11.8
  },
  "netColors": {}
}